id,employee_id,client_id,pay_date,No_of_hours_worked,overtime_hours,Increment
10,6,6,2024-07-09,40,5,100
11,6,6,2024-07-09,45,15,11
13,6,9,2024-07-09,40,5,101
15,6,9,2024-07-09,40,5,100
16,10,10,2024-07-11,40,5,100
17,6,10,2024-07-11,40,5,2000
18,11,11,2024-07-11,40,5,2000
19,12,12,2024-07-11,48,5,2000
20,15,15,2024-07-11,48,5,5000
21,16,16,2024-07-11,48,5,1000
22,20,20,2024-07-11,48,5,1000
23,21,21,2024-07-11,30,5,1000
25,22,17,2024-07-11,30,5,1500
26,6,17,2024-07-11,30,5,1500
27,14,17,2024-07-11,30,5,1500
